Brand,Model,Type
Abarth,500e,Sedan
Abarth,595,Sedan
Abarth,695,Sedan
Acura,CL,Sedan
Acura,NSX,Sedan
Acura,RSX,Sedan
Acura,ZDX,Sedan
Acura,Legend,Sedan
Acura,RL,Sedan
Acura,RLX,Sedan
Acura,ILX,Sedan
Acura,Integra,Sedan
Acura,TL,Sedan
Acura,TLX,Sedan
Acura,TSX,Sedan
Acura,MDX,SUV
Acura,RDX,SUV
Alfa Romeo,Spider,Sedan
Alfa Romeo,4C,Sedan
Alfa Romeo,8C,Sedan
Alfa Romeo,Brera,Sedan
Alfa Romeo,GT,Sedan
Alfa Romeo,GTV,Sedan
Alfa Romeo,RZ,Sedan
Alfa Romeo,SZ,Sedan
Alfa Romeo,145,Sedan
Alfa Romeo,146,Sedan
Alfa Romeo,147,Sedan
Alfa Romeo,33,Sedan
Alfa Romeo,Arna,Sedan
Alfa Romeo,MiTo,Sedan
Alfa Romeo,Giulietta,Sedan
Alfa Romeo,155,Sedan
Alfa Romeo,156,Sedan
Alfa Romeo,159,Sedan
Alfa Romeo,164,Sedan
Alfa Romeo,166,Sedan
Alfa Romeo,75,Sedan
Alfa Romeo,90,Sedan
Alfa Romeo,Giulia,Sedan
Aston Martin,DB6,Sedan
Aston Martin,DB7,Sedan
Aston Martin,Virage,Sedan
Aston Martin,Cygnet,Sedan
Aston Martin,Lagonda,Sedan
Aston Martin,Rapide,Sedan
Aston Martin,Vanquish,Sedan
Aston Martin,DB9,Sedan
Aston Martin,DBC,Sedan
Aston Martin,DBS,Sedan
Aston Martin,One-77,Sedan
Aston Martin,V12,Sedan
Aston Martin,V12 Vantage,Sedan
Aston Martin,V8,Sedan
Aston Martin,V8 Vantage,Sedan
Audi,Sedan,Sedan
Audi,Sedan,Sedan
Audi,Quattro,Sedan
Audi,S5,Sedan
Audi,TT,Sedan
Audi,TT RS,Sedan
Audi,TTS,Sedan
Audi,R8,Sedan
Audi,RS5,Sedan
Audi,Q2,Crossover
Audi,Q3,Crossover
Audi,S3,Sedan
Audi,A1,Sedan
Audi,A2,Sedan
Audi,50,Sedan
Audi,S1,Sedan
Audi,S2,Sedan
Audi,RS1,Sedan
Audi,RS2,Sedan
Audi,A3,Sedan
Audi,RS3,Sedan
Audi,A6,Sedan
Audi,A7,Sedan
Audi,A8,Sedan
Audi,S6,Sedan
Audi,S7,Sedan
Audi,S8,Sedan
Audi,RS6,Sedan
Audi,RS7,Sedan
Audi,A4,Sedan
Audi,A5,Sedan
Audi,100,Sedan
Audi,200,Sedan
Audi,60,Sedan
Audi,80,Sedan
Audi,90,Sedan
Audi,S4,Sedan
Audi,V8,Sedan
Audi,RS4,Sedan
Audi,e-tron,SUV
Audi,Q4 e-tron,SUV
Audi,Q5,SUV
Audi,Q7,SUV
Audi,Q8,SUV
Audi,Q8 e-tron,SUV
Audi,RS Q3,SUV
Audi,RS Q8,SUV
Bentley,Azure,Sedan
Bentley,Continental,Sedan
Bentley,Continental GT,Sedan
Bentley,Continental GTC,Sedan
Bentley,Continental Supersports,Sedan
Bentley,Arnage,Sedan
Bentley,Brooklands,Sedan
Bentley,Flying Spur,Sedan
Bentley,Mulsanne,Sedan
Bentley,Turbo R,Sedan
Bentley,Turbo S,Sedan
Bentley,Bentayga,SUV
Bestune,B70,Crossover
Bestune,B70S,Crossover
Bestune,E05,MPV
Bestune,T33,SUV
Bestune,T55,SUV
Bestune,T77,SUV
Bestune,T99,SUV
BMW,M Roadster,Sedan
BMW,Z1,Sedan
BMW,Z8,Sedan
BMW,2 Series,Sedan
BMW,i8,Sedan
BMW,1M,Sedan
BMW,M Sedan,Sedan
BMW,M2,Sedan
BMW,M4,Sedan
BMW,M6,Sedan
BMW,1502,Sedan
BMW,Z3,Sedan
BMW,Z3M,Sedan
BMW,Z4,Sedan
BMW,Z4M,Sedan
BMW,X1,Crossover
BMW,X2,Crossover
BMW,X3,Crossover
BMW,X3 M,Crossover
BMW,4 Series,Sedan
BMW,6 Series,Sedan
BMW,i3,Sedan
BMW,5 Series,Sedan
BMW,7 Series,Sedan
BMW,8 Series,Sedan
BMW,M5,Sedan
BMW,M8,Sedan
BMW,1 Series,Sedan
BMW,3 Series,Sedan
BMW,2002,Sedan
BMW,GT,Sedan
BMW,i7,Sedan
BMW,M3,Sedan
BMW,M7,Sedan
BMW,Alpina,Sedan
BMW,X4,SUV
BMW,X4 M,SUV
BMW,X5,SUV
BMW,X5 M,SUV
BMW,X6,SUV
BMW,X6M,SUV
BMW,X7,SUV
BMW,iX,SUV
Borgward,BX5,Crossover
Borgward,BX6 TS,Crossover
Borgward,BX7,SUV
Borgward,BX7 TS,SUV
Borgward,BXi7,SUV
Brilliance,H220,Sedan
Brilliance,H230,Sedan
Brilliance,H320,Sedan
Brilliance,H330,Sedan
Brilliance,H530,Sedan
Brilliance,M1,Sedan
Brilliance,V5,SUV
Bugatti,Chiron,Sedan
Bugatti,EB 110,Sedan
Bugatti,Grand Sport,Sedan
Bugatti,Super Sport,Sedan
Bugatti,Veyron,Sedan
Buick,Cascada,Sedan
Buick,Sedan Super 8,Sedan
Buick,Riviera,Sedan
Buick,Enclave,Crossover
Buick,Envision,Crossover
Buick,Park Avenue,Sedan
Buick,Century,Sedan
Buick,LaCrosse,Sedan
Buick,LeSabre,Sedan
Buick,Regal,Sedan
Buick,Verano,Sedan
Buick,Encore,SUV
BYD,F0,Sedan
BYD,e6,MPV
BYD,F3R,Sedan
BYD,F5,Sedan
BYD,F6,Sedan
BYD,F7,Sedan
BYD,G3,Sedan
BYD,S6,SUV
Cadillac,Allante,Sedan
Cadillac,XLR,Sedan
Cadillac,Sedan Deville,Sedan
Cadillac,ELR,Sedan
Cadillac,XT4,Crossover
Cadillac,CTS,Sedan
Cadillac,DTS,Sedan
Cadillac,STS,Sedan
Cadillac,XTS,Sedan
Cadillac,ATS,Sedan
Cadillac,BLS,Sedan
Cadillac,Brougham,Sedan
Cadillac,Catera,Sedan
Cadillac,DeVille,Sedan
Cadillac,Eldorado,Sedan
Cadillac,Fleetwood,Sedan
Cadillac,Seville,Sedan
Cadillac,Escalade,SUV
Cadillac,SRX,SUV
Cadillac,XT5,SUV
Cadillac,XT6,SUV
Changan,CX20,Crossover
Changan,CX30,Crossover
Changan,Cs15,Crossover
Changan,Benni Mini,Sedan
Changan,E-Star,Sedan
Changan,XT,Sedan
Changan,Chana,LCV
Changan,Hunter,SUV
Changan,ALSVIN,Sedan
Changan,Eado,Sedan
Changan,Eado DT,Sedan
Changan,Eado EV,Sedan
Changan,Eado Plus,Sedan
Changan,Lumin,Sedan
Changan,Raeton,Sedan
Changan,Sania,Sedan
Changan,V3,Sedan
Changan,V7,Sedan
Changan,CS35,SUV
Changan,CS35 PLUS,SUV
Changan,CS75,SUV
Changan,CS75 Plus,SUV
Changan,CS85,SUV
Changan,CS85 Sedan,SUV
Changan,CS95,SUV
Changan,CS95 MCA,SUV
Changan,Uni-K,SUV
Changan,Uni-T,SUV
Chery,A113,Sedan
Chery,Amulet,Sedan
Chery,Fura,Sedan
Chery,Kimo,Sedan
Chery,QQ,Sedan
Chery,Cross Easter,MPV
Chery,A11,Sedan
Chery,A5,Sedan
Chery,A620,Sedan
Chery,B11,Sedan
Chery,Cowin,Sedan
Chery,M11,Sedan
Chery,Oriental Sun,Sedan
Chery,QQ6,Sedan
Chery,Tiggo,SUV
Chevrolet,SSR,Sedan
Chevrolet,Beretta,Sedan
Chevrolet,Camaro,Sedan
Chevrolet,Corvette,Sedan
Chevrolet,Geo Storm,Sedan
Chevrolet,Monte Carlo,Sedan
Chevrolet,Equinox,Crossover
Chevrolet,Menlo,Crossover
Chevrolet,Bolt,Sedan
Chevrolet,Chevette,Sedan
Chevrolet,Spark,Sedan
Chevrolet,Sprint,Sedan
Chevrolet,Volt,Sedan
Chevrolet,4500,LCV
Chevrolet,Astro,LCV
Chevrolet,Cheyenne,LCV
Chevrolet,Express,LCV
Chevrolet,Uplander,LCV
Chevrolet,Venture,LCV
Chevrolet,Rezzo,MPV
Chevrolet,Trans Sport,MPV
Chevrolet,Zafira,MPV
Chevrolet,3100,SUV
Chevrolet,C10,SUV
Chevrolet,C1500,SUV
Chevrolet,El Camino,SUV
Chevrolet,LUV D-Max,SUV
Chevrolet,S-10,SUV
Chevrolet,Alero,Sedan
Chevrolet,Astra,Sedan
Chevrolet,Aveo,Sedan
Chevrolet,Bel Air,Sedan
Chevrolet,CR8,Sedan
Chevrolet,Caprice,Sedan
Chevrolet,Caprice Classic,Sedan
Chevrolet,Cavalier,Sedan
Chevrolet,Celebrity,Sedan
Chevrolet,Celta,Sedan
Chevrolet,Cobalt,Sedan
Chevrolet,Corsa,Sedan
Chevrolet,Corsica,Sedan
Chevrolet,Cruze,Sedan
Chevrolet,Epica,Sedan
Chevrolet,Evanda,Sedan
Chevrolet,HHR,Sedan
Chevrolet,Impala,Sedan
Chevrolet,Lacetti,Sedan
Chevrolet,Lanos,Sedan
Chevrolet,Lumina,Sedan
Chevrolet,Malibu,Sedan
Chevrolet,Metro,Sedan
Chevrolet,Monza,Sedan
Chevrolet,Niva,Sedan
Chevrolet,Nubira,Sedan
Chevrolet,Omega,Sedan
Chevrolet,Optra,Sedan
Chevrolet,Prizm,Sedan
Chevrolet,Sail,Sedan
Chevrolet,Sonic,Sedan
Chevrolet,Suburban,Sedan
Chevrolet,Vectra,Sedan
Chevrolet,Blazer,SUV
Chevrolet,Captiva,SUV
Chevrolet,Explorer,SUV
Chevrolet,Frontera,SUV
Chevrolet,Tahoe,SUV
Chevrolet,Tavera,SUV
Chevrolet,Tracker,SUV
Chevrolet,TrailBlazer,SUV
Chevrolet,Traverse,SUV
Chevrolet,Trax,SUV
Chevrolet,Avalanche,SUV
Chevrolet,Colorado,SUV
Chevrolet,Silverado,SUV
Chevrolet,Van,Van
Chrysler,Prowler,Sedan
Chrysler,Crossfire,Sedan
Chrysler,Daytona Shelby,Sedan
Chrysler,PT Cruiser,Sedan
Chrysler,Voyager,LCV
Chrysler,Grand Voyager,MPV
Chrysler,Pasifica,MPV
Chrysler,200,Sedan
Chrysler,300,Sedan
Chrysler,300C,Sedan
Chrysler,300M,Sedan
Chrysler,300S,Sedan
Chrysler,Cirrus,Sedan
Chrysler,Concorde,Sedan
Chrysler,Fifth Avenue,Sedan
Chrysler,Imperial,Sedan
Chrysler,Intrepid,Sedan
Chrysler,LHS,Sedan
Chrysler,LeBaron,Sedan
Chrysler,Nassau,Sedan
Chrysler,Neon,Sedan
Chrysler,New Yorker,Sedan
Chrysler,Saratoga,Sedan
Chrysler,Sebring,Sedan
Chrysler,Town & Country,Sedan
Chrysler,Vision,Sedan
Chrysler,Aspen,SUV
Citroen,DS5,Crossover
Citroen,DS6,Crossover
Citroen,Mehari,Crossover
Citroen,DS3,Sedan
Citroen,DS4,Sedan
Citroen,DS4S,Sedan
Citroen,GSA,Sedan
Citroen,AX,Sedan
Citroen,BX,Sedan
Citroen,C-Zero,Sedan
Citroen,C1,Sedan
Citroen,C2,Sedan
Citroen,C3,Sedan
Citroen,Dyane,Sedan
Citroen,LN,Sedan
Citroen,Saxo,Sedan
Citroen,Visa,Sedan
Citroen,XM,Sedan
Citroen,Xantia,Sedan
Citroen,Xsara,Sedan
Citroen,ZX,Sedan
Citroen,DS2,Sedan
Citroen,Acadiane,LCV
Citroen,Berlingo,LCV
Citroen,C15,LCV
Citroen,Jumper,LCV
Citroen,Jumpy,LCV
Citroen,Nemo,LCV
Citroen,C4 Picasso,MPV
Citroen,C8,MPV
Citroen,Evasion,MPV
Citroen,Synergie,MPV
Citroen,Xsara Picasso,MPV
Citroen,C25,SUV
Citroen,DS9,Sedan
Citroen,GS,Sedan
Citroen,2CV,Sedan
Citroen,Ami,Sedan
Citroen,C3 Picasso,Sedan
Citroen,C4,Sedan
Citroen,C5,Sedan
Citroen,C6,Sedan
Citroen,CX,Sedan
Citroen,Elysée,Sedan
Citroen,LNA,Sedan
Citroen,GT,Sedan
Citroen,DS7,SUV
Citroen,C-Crosser,SUV
Citroen,C35,Van
CMC,D270,LCV
CMC,Super Veryca,LCV
CMC,D260,Van
CMC,Z7,SUV
Daewoo,G2X,Sedan
Daewoo,Korando,Crossover
Daewoo,Juliet,Sedan
Daewoo,Lanos 1,Sedan
Daewoo,Matiz,Sedan
Daewoo,Tico,Sedan
Daewoo,Damas,LCV
Daewoo,Istana,Van
Daewoo,Rezzo,MPV
Daewoo,Tacuma,MPV
Daewoo,Labo,SUV
Daewoo,Arcadia,Sedan
Daewoo,Chairman,Sedan
Daewoo,Cielo,Sedan
Daewoo,Espero,Sedan
Daewoo,Evanda,Sedan
Daewoo,Gentra,Sedan
Daewoo,Kalos,Sedan
Daewoo,Lacetti,Sedan
Daewoo,Lanos,Sedan
Daewoo,LeMans,Sedan
Daewoo,Leganza,Sedan
Daewoo,Magnus,Sedan
Daewoo,Nexia,Sedan
Daewoo,Nubira,Sedan
Daewoo,Prince,Sedan
Daewoo,Racer,Sedan
Daewoo,Statesman,Sedan
Daewoo,Super Salon,Sedan
Daewoo,Tosca,Sedan
Daewoo,Zaz,Sedan
Daewoo,Musso,SUV
Daewoo,Windstorm,SUV
Daihatsu,Copen,Sedan
Daihatsu,Fourtrak,Crossover
Daihatsu,Grand Terios,Crossover
Daihatsu,Applause,Sedan
Daihatsu,Bazar,Sedan
Daihatsu,Boon,Sedan
Daihatsu,Ceria,Sedan
Daihatsu,Cuore,Sedan
Daihatsu,Esse,Sedan
Daihatsu,Kancil,Sedan
Daihatsu,Leeza,Sedan
Daihatsu,Mira,Sedan
Daihatsu,Move,Sedan
Daihatsu,Perodua Viva,Sedan
Daihatsu,Sirion,Sedan
Daihatsu,Sonica,Sedan
Daihatsu,Storia,Sedan
Daihatsu,Trevis,Sedan
Daihatsu,Delta,LCV
Daihatsu,Atrai,MPV
Daihatsu,Materia,MPV
Daihatsu,Tanto,MPV
Daihatsu,Terios,MPV
Daihatsu,Xenia,MPV
Daihatsu,YRV,MPV
Daihatsu,Gran Max,SUV
Daihatsu,Alits,Sedan
Daihatsu,Charade,Sedan
Daihatsu,Charmant,Sedan
Daihatsu,Opti,Sedan
Daihatsu,Feroza,SUV
Daihatsu,Rocky,SUV
Daihatsu,Taft,SUV
Dayun,Yuehu,Crossover
Dayun,M1,MPV
Dayun,H8,Sedan
Dayun,Y6,Sedan
Dayun,Y7,Sedan
Dayun,H9,SUV
Dodge,Challenger,Sedan
Dodge,Stealth,Sedan
Dodge,Viper,Sedan
Dodge,Caliber,Sedan
Dodge,Daytona,Sedan
Dodge,Shadow,Sedan
Dodge,Caravan,LCV
Dodge,Grand Caravan,MPV
Dodge,Dakota,SUV
Dodge,Power Wagon,SUV
Dodge,Avenger,Sedan
Dodge,Charger,Sedan
Dodge,Dart,Sedan
Dodge,Dynasty,Sedan
Dodge,Intrepid,Sedan
Dodge,Magnum,Sedan
Dodge,Monaco,Sedan
Dodge,Neon,Sedan
Dodge,Spirit,Sedan
Dodge,Stratus,Sedan
Dodge,Durango,SUV
Dodge,Journey,SUV
Dodge,Nitro,SUV
Dodge,Ram,SUV
Dongfeng,AX7,Crossover
Dongfeng,EX1,Crossover
Dongfeng,H30 Cross,Crossover
Dongfeng,T5 EVO,Crossover
Dongfeng,T5 Evo Sport,Crossover
Dongfeng,Yuxan GS,Crossover
Dongfeng,Rich 6 SUV,SUV
Dongfeng,A30 E1,Sedan
Dongfeng,A30 E2,Sedan
Dongfeng,A30 Sport,Sedan
Dongfeng,A60,Sedan
Dongfeng,A60 Max,Sedan
Dongfeng,D60,Sedan
Dongfeng,E70,Sedan
Dongfeng,E70 Pro,Sedan
Dongfeng,S30,Sedan
Dongfeng,S60,Sedan
Dongfeng,AX7 PLUS,SUV
Dongfeng,Honda M-NV,SUV
Dongfeng,Rich 6 SUV,SUV
Dongfeng,T5L,SUV
Dongfeng,Venucia Star E4,SUV
Dongfeng,Yuxan A30,SUV
Dongfeng,M5,Van
Dorcen,G60,Crossover
Dorcen,G60E,Crossover
Dorcen,G70S,Crossover
Dorcen,E20,Sedan
Dorcen,H300,LCV
Dorcen,T5,SUV
Dorcen,T7,SUV
Dorcen,G60S,SUV
Ferrari,208,Sedan
Ferrari,246,Sedan
Ferrari,250,Sedan
Ferrari,308,Sedan
Ferrari,328,Sedan
Ferrari,330,Sedan
Ferrari,348,Sedan
Ferrari,355,Sedan
Ferrari,360,Sedan
Ferrari,360 Modena,Sedan
Ferrari,360 Spider,Sedan
Ferrari,365,Sedan
Ferrari,412,Sedan
Ferrari,430,Sedan
Ferrari,456,Sedan
Ferrari,456 GT,Sedan
Ferrari,458 Italia,Sedan
Ferrari,488,Sedan
Ferrari,512,Sedan
Ferrari,550 Barchetta,Sedan
Ferrari,550 Maranello,Sedan
Ferrari,575,Sedan
Ferrari,575 Maranello,Sedan
Ferrari,599 GTB,Sedan
Ferrari,599 GTB Fiorano,Sedan
Ferrari,612 Scaglietti,Sedan
Ferrari,California,Sedan
Ferrari,Dino,Sedan
Ferrari,Enzo,Sedan
Ferrari,F12,Sedan
Ferrari,F340,Sedan
Ferrari,F355,Sedan
Ferrari,F40,Sedan
Ferrari,F430,Sedan
Ferrari,F430 Scuderia,Sedan
Ferrari,F430 Spider,Sedan
Ferrari,F50,Sedan
Ferrari,FF,Sedan
Ferrari,FXX,Sedan
Ferrari,LaFerrari,Sedan
Ferrari,Mondial,Sedan
Ferrari,Testarossa,Sedan
Fiat,124,Sedan
Fiat,500C,Sedan
Fiat,Barchetta,Sedan
Fiat,Sedan,Sedan
Fiat,X 1/9,Sedan
Fiat,126,Sedan
Fiat,127,Sedan
Fiat,131,Sedan
Fiat,500,Sedan
Fiat,500e,Sedan
Fiat,600,Sedan
Fiat,750,Sedan
Fiat,Bolognese,Sedan
Fiat,Brava,Sedan
Fiat,Bravo,Sedan
Fiat,Cinquecento,Sedan
Fiat,Croma,Sedan
Fiat,Florida,Sedan
Fiat,Grande Punto,Sedan
Fiat,Nuova 500,Sedan
Fiat,Panda,Sedan
Fiat,Punto,Sedan
Fiat,Ritmo,Sedan
Fiat,Sedici,Sedan
Fiat,Seicento,Sedan
Fiat,Stilo,Sedan
Fiat,Uno,Sedan
Fiat,Zastava,Sedan
Fiat,Fiorino,LCV
Fiat,Doblo,MPV
Fiat,Idea,MPV
Fiat,Mulipla,MPV
Fiat,Ulysse,MPV
Fiat,Strada,SUV
Fiat,Albea,Sedan
Fiat,Argenta,Sedan
Fiat,Duna,Sedan
Fiat,Linea,Sedan
Fiat,Maria,Sedan
Fiat,Nove128,Sedan
Fiat,Palio,Sedan
Fiat,Petra,Sedan
Fiat,Regata,Sedan
Fiat,Siena,Sedan
Fiat,Tempra,Sedan
Fiat,Tipo,Sedan
Fiat,Dukato,Van
Fisker,Ocean,SUV
Force,Kargo King Grand,SUV
Force,Trax,SUV
Force,Traveller,Van
Ford,Bronco,Sedan
Ford,Thunder Bird,Sedan
Ford,Capri,Sedan
Ford,Cougar,Sedan
Ford,GT,Sedan
Ford,Puma,Sedan
Ford,Shelby,Sedan
Ford,T-Bucket,Sedan
Ford,Mustang,Sedan
Ford,Flex,Crossover
Ford,Mach-E,Crossover
Ford,Territory,Crossover
Ford,Aspire,Sedan
Ford,Focus,Sedan
Ford,Fox RS,Sedan
Ford,Fusion,Sedan
Ford,Ka,Sedan
Ford,Fiesta,Sedan
Ford,Aerostar,LCV
Ford,Courier,LCV
Ford,Econoline,LCV
Ford,Econovan,LCV
Ford,Freestar,LCV
Ford,Freestyle,LCV
Ford,Tourneo Connect,LCV
Ford,Transit,LCV
Ford,C-MAX,MPV
Ford,Galaxy,MPV
Ford,S-MAX,MPV
Ford,Windstar,MPV
Ford,Ranger,SUV
Ford,Sport Trac,SUV
Ford,Aurion,Sedan
Ford,Consul,Sedan
Ford,Contour,Sedan
Ford,Crown Victoria,Sedan
Ford,Escort,Sedan
Ford,Figo,Sedan
Ford,Five Hundred,Sedan
Ford,Granada,Sedan
Ford,LTD,Sedan
Ford,Laser,Sedan
Ford,Model 40,Sedan
Ford,Model A,Sedan
Ford,Mondeo,Sedan
Ford,Scorpio,Sedan
Ford,Sierra,Sedan
Ford,Taunus,Sedan
Ford,Taurus,Sedan
Ford,Tempo,Sedan
Ford,EcoSport,SUV
Ford,Edge,SUV
Ford,Escape,SUV
Ford,Everest,SUV
Ford,Excursion,SUV
Ford,Expedition,SUV
Ford,Explorer,SUV
Ford,Kuga,SUV
Ford,Maverick,SUV
Ford,F-150,SUV
Ford,F-250,SUV
Ford,F-350,SUV
Ford,F-450,SUV
Ford,F-550,SUV
Ford,Raptor,SUV
Ford,E-350,Van
Ford,E-450,Van
Foton,Aumark C,LCV
Foton,Aumark S,LCV
Foton,Aumark TX,LCV
Foton,Toano,LCV
Foton,Tornado,LCV
Foton,Gratour,MPV
Foton,Thunder,SUV
Foton,Tunland,SUV
Foton,Sauvana,SUV
Foton,Toplander,SUV
Foton,View C1,Van
Foton,View C2,Van
Foton,View CS2,Van
Foton,View Transvan,Van
Foton,View Traveller,Van
GAC,GS3,Crossover
GAC,GS5,Crossover
GAC,GN6,MPV
GAC,GN8,MPV
GAC,GA4,Sedan
GAC,GA6,Sedan
GAC,GA8,Sedan
GAC,GS4,SUV
GAC,GS8,SUV
Geely,Azkarra,Crossover
Geely,Coolray,Crossover
Geely,Emgrand X7,Crossover
Geely,GX2,Crossover
Geely,MK Cross,Crossover
Geely,HQ,Sedan
Geely,LC,Sedan
Geely,CK,Sedan
Geely,Emgrand 7,Sedan
Geely,Emgrand 8,Sedan
Geely,Emgrand GT,Sedan
Geely,GC2,Sedan
Geely,GC5,Sedan
Geely,GC6,Sedan
Geely,GC7,Sedan
Geely,SC7,Sedan
Geely,Okavango,SUV
GMC,Safari,LCV
GMC,Savana,LCV
GMC,Caballero,Sedan
GMC,Caprice,Sedan
GMC,Commodore,Sedan
GMC,Cruze,Sedan
GMC,Statesman,Sedan
GMC,Suburban,Sedan
GMC,Acadia,SUV
GMC,Envoy,SUV
GMC,Jimmy,SUV
GMC,Terrain,SUV
GMC,Typhoon,SUV
GMC,Yukon,SUV
GMC,Canyon,SUV
GMC,Sierra,SUV
GMC,Calais,SUV
GMC,Vandura,Van
Great Wall,Coolbear,Sedan
Great Wall,Florid,Sedan
Great Wall,Peri,Sedan
Great Wall,Sailor,Sedan
Great Wall,Cowry,MPV
Great Wall,Safe,SUV
Great Wall,Socool,SUV
Great Wall,Wingle,SUV
Great Wall,C 30,Sedan
Great Wall,Deer,Sedan
Great Wall,Voleex,Sedan
Great Wall,Hover,SUV
Great Wall,M2,SUV
Great Wall,M4,SUV
Great Wall,Pegasus,SUV
Hafei,Baili,Sedan
Hafei,Lobo,Sedan
Hafei,Zhongyi,Van
Hafei,Ruiyi,SUV
Hafei,Saibao,Sedan
Haval,F5,Crossover
Haval,H4,Crossover
Haval,H5,Crossover
Haval,H6,Crossover
Haval,H6 GT,Crossover
Haval,H6 Hev,Crossover
Haval,M6,Crossover
Haval,Poer Single Cab,SUV
Haval,F7,SUV
Haval,F7x,SUV
Haval,H1,SUV
Haval,H2,SUV
Haval,H2s,SUV
Haval,H7,SUV
Haval,H8,SUV
Haval,H9,SUV
Haval,Jolion,SUV
Haval,Dargo,SUV
Haval,Poer,SUV
Hawtai,A25,Crossover
Hawtai,A25 EV,Crossover
Hawtai,XEV 480,Crossover
Hawtai,Boliger 7,SUV
Hawtai,Boliger 7 EV,SUV
Honda,Beat,Sedan
Honda,S2000,Sedan
Honda,Accord Sedan,Sedan
Honda,NSX,Sedan
Honda,Prelude,Sedan
Honda,Z,Sedan
Honda,Crosstour,Crossover
Honda,CR-Z,Sedan
Honda,Capa,Sedan
Honda,Insight,Sedan
Honda,Jazz,Sedan
Honda,Logo,Sedan
Honda,Quintet,Sedan
Honda,SMX,Sedan
Honda,SRX,Sedan
Honda,Today,Sedan
Honda,Vamos,Sedan
Honda,Avencier,MPV
Honda,Edix,MPV
Honda,Elysion,MPV
Honda,LaGreat,MPV
Honda,Mobilio,MPV
Honda,Odyssey,MPV
Honda,Partner,MPV
Honda,Shuttle,MPV
Honda,Step WGN,MPV
Honda,Ridgeline,SUV
Honda,Accord,Sedan
Honda,Airwave,Sedan
Honda,City,Sedan
Honda,Civic,Sedan
Honda,Concerto,Sedan
Honda,Domani,Sedan
Honda,FCX Clarity,Sedan
Honda,Fit Aria,Sedan
Honda,Inspire,Sedan
Honda,Integra,Sedan
Honda,Legend,Sedan
Honda,Life,Sedan
Honda,Orthia,Sedan
Honda,Rafaga,Sedan
Honda,Stream,Sedan
Honda,That's,Sedan
Honda,Vigor,Sedan
Honda,CR-V,SUV
Honda,Crossroad,SUV
Honda,Element,SUV
Honda,HR-V,SUV
Honda,MDX,SUV
Honda,MR-V,SUV
Honda,Passport,SUV
Honda,Pilot,SUV
Honda,e:NP1,SUV
Honda,e:NS1,SUV
Hongqi,HS5,Crossover
Hongqi,H5,Sedan
Hongqi,H7,Sedan
Hongqi,H9,Sedan
Hongqi,E-HS9,SUV
Hongqi,HS7,SUV
Hummer,H1,Sedan
Hummer,H2,SUV
Hummer,H3,SUV
Hunaghai,N1,SUV
Hunaghai,N1s,SUV
Hunaghai,N2,SUV
Hunaghai,N3,SUV
Hunaghai,DD6534GL,Van
Hunaghai,DD6591DM,Van
Hyundai,Sedan,Sedan
Hyundai,Genesis Sedan,Sedan
Hyundai,Tiburon,Sedan
Hyundai,Tuscani,Sedan
Hyundai,Atos,Sedan
Hyundai,Click,Sedan
Hyundai,EON,Sedan
Hyundai,Getz,Sedan
Hyundai,Ioniq,Sedan
Hyundai,Veloster,Sedan
Hyundai,i10,Sedan
Hyundai,i20,Sedan
Hyundai,i30,Sedan
Hyundai,Mighty,LCV
Hyundai,Porter,LCV
Hyundai,Staria,LCV
Hyundai,H-1 Starex,Van
Hyundai,H100,Van
Hyundai,Entourage,MPV
Hyundai,Matrix,MPV
Hyundai,Trajet,MPV
Hyundai,Genesis,Sedan
Hyundai,Accent,Sedan
Hyundai,Avante,Sedan
Hyundai,Azera,Sedan
Hyundai,Centennial,Sedan
Hyundai,Elantra,Sedan
Hyundai,Equus,Sedan
Hyundai,Excel,Sedan
Hyundai,Pony,Sedan
Hyundai,Reina,Sedan
Hyundai,Santamo,Sedan
Hyundai,SSedan,Sedan
Hyundai,Sonata,Sedan
Hyundai,Stellar,Sedan
Hyundai,Tucson,Sedan
Hyundai,Verna,Sedan
Hyundai,i40,Sedan
Hyundai,Creta,SUV
Hyundai,Galloper,SUV
Hyundai,Kona,SUV
Hyundai,Palisade,SUV
Hyundai,Santa Fe,SUV
Hyundai,Terracan,SUV
Hyundai,Venue,SUV
Hyundai,Veracruz,SUV
Infiniti,E,Sedan
Infiniti,Q60,Sedan
Infiniti,Q30,Sedan
Infiniti,G,Sedan
Infiniti,J,Sedan
Infiniti,M,Sedan
Infiniti,I35,Sedan
Infiniti,Q40,Sedan
Infiniti,Q45,Sedan
Infiniti,Q50,Sedan
Infiniti,Q70,Sedan
Infiniti,EX,SUV
Infiniti,FX,SUV
Infiniti,JX35,SUV
Infiniti,QX4,SUV
Infiniti,QX50,SUV
Infiniti,QX56,SUV
Infiniti,QX60,SUV
Infiniti,QX70,SUV
Infiniti,QX80,SUV
Iran Khodro,Samand,Sedan
Iran Khodro,Tiba,Sedan
Isuzu,Trooper,Sedan
Isuzu,I-Mark,Sedan
Isuzu,Impulse,Sedan
Isuzu,Piazza,Sedan
Isuzu,Elf,LCV
Isuzu,FSR,LCV
Isuzu,Juston,LCV
Isuzu,Filly,MPV
Isuzu,D-Max,SUV
Isuzu,Faster,SUV
Isuzu,SUV,SUV
Isuzu,Aska,Sedan
Isuzu,Amigo,SUV
Isuzu,Ascender,SUV
Isuzu,Axiom,SUV
Isuzu,Bighorn,SUV
Isuzu,Rodeo,SUV
Isuzu,VehiCROSS,SUV
Isuzu,Wizard,SUV
JAC,GE3,Crossover
JAC,GS3,Crossover
JAC,S3,Crossover
JAC,IEV 6,Sedan
JAC,S1,Sedan
JAC,S2,Sedan
JAC,N Series,LCV
JAC,V1,LCV
JAC,X200,LCV
JAC,M4,Van
JAC,GN6,MPV
JAC,GN8,MPV
JAC,M3,MPV
JAC,M5,MPV
JAC,T6 Frison,SUV
JAC,A60,Sedan
JAC,Ga4,Sedan
JAC,Ga8,Sedan
JAC,IEV 5,Sedan
JAC,J4,Sedan
JAC,GS4,SUV
JAC,GS5,SUV
JAC,GS7,SUV
JAC,GS8,SUV
JAC,S5,SUV
JAC,S7,SUV
Jaguar,SS100,Sedan
Jaguar,E-Type,Sedan
Jaguar,F-Type,Sedan
Jaguar,XJS,Sedan
Jaguar,XK,Sedan
Jaguar,XKR,Sedan
Jaguar,XKR-S,Sedan
Jaguar,Daimler,Sedan
Jaguar,Daimler Double Six,Sedan
Jaguar,S-Type,Sedan
Jaguar,X-Type,Sedan
Jaguar,XE,Sedan
Jaguar,XF,Sedan
Jaguar,XFR,Sedan
Jaguar,XJ,Sedan
Jaguar,XJ8,Sedan
Jaguar,XJR,Sedan
Jaguar,XJ 220,Sedan
Jaguar,E-Pace,SUV
Jaguar,F-Pace,SUV
Jeep,Comanche,SUV
Jeep,Cherokee,SUV
Jeep,Commander,SUV
Jeep,Compass,SUV
Jeep,Grand Cherokee,SUV
Jeep,Laredo,SUV
Jeep,Liberty,SUV
Jeep,Patriot,SUV
Jeep,Renegade,SUV
Jeep,Wagoneer,SUV
Jeep,Wrangler,SUV
Jeep,Gladiator,SUV
Jetour,X70,SUV
Jetour,X70 Plus,SUV
Jetour,X70S,SUV
Jetour,X90,SUV
Jetour,X95,SUV
Jinbei,Haise,MPV
JMC,Touring,LCV
JMC,Touring EV,LCV
JMC,Vigus,SUV
JMC,Vigus EV,SUV
JMC,Boarding,SUV
JMC,S350,SUV
Kaiyi,X3,Crossover
Kaiyi,X3 Pro,Crossover
Kaiyi,E5,Sedan
Kia,Elan,Sedan
Kia,Sportage,Sedan
Kia,Cerato Koup,Sedan
Kia,Asia,Crossover
Kia,Seltos,Crossover
Kia,Soul,Crossover
Kia,Stonic,Crossover
Kia,Avila,Sedan
Kia,Ceed,Sedan
Kia,Morning,Sedan
Kia,Picanto,Sedan
Kia,Pride,Sedan
Kia,Stinger,Sedan
Kia,Bongo,LCV
Kia,Pregio,LCV
Kia,Ray,LCV
Kia,Besta,Van
Kia,Carens,MPV
Kia,Carnival,MPV
Kia,Joice,MPV
Kia,Rondo,MPV
Kia,Sedona,MPV
Kia,Venga,MPV
Kia,Cadenza,Sedan
Kia,Capital,Sedan
Kia,Cerato,Sedan
Kia,Clarus,Sedan
Kia,Concorde,Sedan
Kia,Forte,Sedan
Kia,K3,Sedan
Kia,Lotze,Sedan
Kia,Magnetis,Sedan
Kia,Opirus,Sedan
Kia,Optima,Sedan
Kia,K5,Sedan
Kia,Pegas,Sedan
Kia,Quoris,Sedan
Kia,Rio,Sedan
Kia,Sephia,Sedan
Kia,Shuma,Sedan
Kia,Spectra,Sedan
Kia,Mohave,SUV
Kia,Niro,SUV
Kia,Retona,SUV
Kia,Sonet,SUV
Kia,Sorento,SUV
Kia,Telluride,SUV
Lada,4x4 Urban,Crossover
Lada,Aleko,Sedan
Lada,Granta HB,Sedan
Lada,Oka,Sedan
Lada,Vesta SW,MPV
Lada,2010,Sedan
Lada,2015,Sedan
Lada,2107,Sedan
Lada,2170,Sedan
Lada,Granta,Sedan
Lada,Largus,Sedan
Lada,Samara,Sedan
Lada,Vesta,Sedan
Lada,Niva,SUV
Lamborghini,Jalpa,Sedan
Lamborghini,350 GT,Sedan
Lamborghini,Aventador,Sedan
Lamborghini,Countach,Sedan
Lamborghini,Diablo,Sedan
Lamborghini,Espada,Sedan
Lamborghini,Gallardo,Sedan
Lamborghini,Huracan,Sedan
Lamborghini,Murcielago,Sedan
Lamborghini,Reventon,Sedan
Lamborghini,LM002,SUV
Lamborghini,Urus,SUV
Lancia,Stratos,Sedan
Lancia,Delta,Sedan
Lancia,Ypsilon,Sedan
Lancia,Musa,MPV
Lancia,Voyager,MPV
Lancia,Dedra,Sedan
Lancia,Flavia,Sedan
Lancia,Kappa,Sedan
Lancia,Lybra,Sedan
Lancia,Thema,Sedan
Lancia,Thesis,Sedan
Land Rover,Defender,Sedan
Land Rover,LR2,Crossover
Land Rover,Discovery,SUV
Land Rover,Discovery Sport,SUV
Land Rover,Freelander,SUV
Land Rover,LR4,SUV
Land Rover,Range Rover,SUV
Land Rover,Range Rover Evoque,SUV
Land Rover,Range Rover HSE,SUV
Land Rover,Range Rover Sport,SUV
Land Rover,Range Rover Velar,SUV
Land Rover,Range Rover Vogue,SUV
Lexus,RC,Sedan
Lexus,SC,Sedan
Lexus,LC 500,Sedan
Lexus,CT,Sedan
Lexus,ES,Sedan
Lexus,GS,Sedan
Lexus,LS,Sedan
Lexus,HS,Sedan
Lexus,ISF,Sedan
Lexus,IS,Sedan
Lexus,UX,Sedan
Lexus,LFA,Sedan
Lexus,GX,SUV
Lexus,LX,SUV
Lexus,NX,SUV
Lexus,RX,SUV
Lifan,X50,Crossover
Lifan,X60,Crossover
Lifan,X70,Crossover
Lifan,320E,Sedan
Lifan,330,Sedan
Lifan,330EV,Sedan
Lifan,C30E,Sedan
Lifan,Foison,LCV
Lifan,1022,Van
Lifan,1025,Van
Lifan,L7,MPV
Lifan,M7,MPV
Lifan,620II,Sedan
Lifan,650EV,Sedan
Lifan,820,Sedan
Lifan,X7,SUV
Lifan,X80,SUV
Lincoln,MKC,Crossover
Lincoln,MKX,Crossover
Lincoln,Nautilus,Crossover
Lincoln,Blackwood,SUV
Lincoln,Capri,Sedan
Lincoln,Continental,Sedan
Lincoln,MKS,Sedan
Lincoln,MKZ,Sedan
Lincoln,Mark,Sedan
Lincoln,Town Car,Sedan
Lincoln,Zephyr,Sedan
Lincoln,Aviator,SUV
Lincoln,Navigator,SUV
Lincoln,Mark LT,SUV
Lotus,Eclat,Sedan
Lotus,Elan,Sedan
Lotus,Elise,Sedan
Lotus,Elite,Sedan
Lotus,Esprit,Sedan
Lotus,Evora,Sedan
Lotus,Excel,Sedan
Lotus,Exige,Sedan
Mahindra,KUV100,Crossover
Mahindra,Thar,Crossover
Mahindra,Marazzo,MPV
Mahindra,E-Verito,Sedan
Mahindra,Alturas,SUV
Mahindra,Bolero,SUV
Mahindra,Scorpio,SUV
Mahindra,XUV300,SUV
Mahindra,XUV500,SUV
Maserati,Barchetta Stradale,Sedan
Maserati,GranCabrio,Sedan
Maserati,Spyder,Sedan
Maserati,228,Sedan
Maserati,Biturbo,Sedan
Maserati,Bora,Sedan
Maserati,Chubasco,Sedan
Maserati,Sedan,Sedan
Maserati,GT3200,Sedan
Maserati,GranSport,Sedan
Maserati,Indy,Sedan
Maserati,Karif,Sedan
Maserati,Khamsin,Sedan
Maserati,Kyalami,Sedan
Maserati,Merak,Sedan
Maserati,Mexico,Sedan
Maserati,Shamal,Sedan
Maserati,Ghibli,Sedan
Maserati,Quattroporte,Sedan
Maserati,Royale,Sedan
Maserati,GranTurismo,Sedan
Maserati,MC12,Sedan
Maxus,V80,LCV
Maxus,G10,MPV
Maxus,G50,MPV
Maxus,Tornado 60,SUV
Maxus,Tornado 70 Pro,SUV
Maxus,D60,SUV
Maxus,D90,SUV
Maxus,D90 Pro,SUV
Maxus,Tornado 90,SUV
Mazda,MX-5,Sedan
Mazda,Efini,Sedan
Mazda,MX-6,Sedan
Mazda,RX7,Sedan
Mazda,RX8,Sedan
Mazda,CX-30,Crossover
Mazda,Levante,Crossover
Mazda,Tribute,Crossover
Mazda,3 MPS,Sedan
Mazda,Carol,Sedan
Mazda,Laputa,Sedan
Mazda,MX-3,Sedan
Mazda,Spiano,Sedan
Mazda,Verisa,Sedan
Mazda,Bongo,LCV
Mazda,Titan,LCV
Mazda,Scrumm,Van
Mazda,5,MPV
Mazda,Binte,MPV
Mazda,Demio,MPV
Mazda,MPV,MPV
Mazda,Premacy,MPV
Mazda,BT-50,SUV
Mazda,SUV,SUV
Mazda,Proceed,SUV
Mazda,Rustler,SUV
Mazda,1000,Sedan
Mazda,121,Sedan
Mazda,1300,Sedan
Mazda,2,Sedan
Mazda,3,Sedan
Mazda,323,Sedan
Mazda,6,Sedan
Mazda,6 MPS,Sedan
Mazda,626,Sedan
Mazda,818,Sedan
Mazda,929,Sedan
Mazda,Fmilia,Sedan
Mazda,Lantis,Sedan
Mazda,Luce,Sedan
Mazda,Sentia,Sedan
Mazda,Vantrend,Sedan
Mazda,Xedos 6,Sedan
Mazda,Xedos 9,Sedan
Mazda,CX-5,SUV
Mazda,CX-7,SUV
Mazda,CX-9,SUV
McLaren,12C,Sedan
McLaren,540,Sedan
McLaren,570,Sedan
McLaren,650,Sedan
McLaren,675,Sedan
McLaren,P1,Sedan
Mercedes-Benz,SLC,Sedan
Mercedes-Benz,Gazelle,Sedan
Mercedes-Benz,CL,Sedan
Mercedes-Benz,CLK,Sedan
Mercedes-Benz,SL,Sedan
Mercedes-Benz,SLK,Sedan
Mercedes-Benz,SLS AMG,Sedan
Mercedes-Benz,GLA,Crossover
Mercedes-Benz,GLC,Crossover
Mercedes-Benz,EQA,Crossover
Mercedes-Benz,A-Class,Sedan
Mercedes-Benz,Citan,LCV
Mercedes-Benz,Sprinter,LCV
Mercedes-Benz,Vito,LCV
Mercedes-Benz,B-Class,MPV
Mercedes-Benz,R-Class,MPV
Mercedes-Benz,V-Class,MPV
Mercedes-Benz,X-Class,SUV
Mercedes-Benz,CLS,Sedan
Mercedes-Benz,E-Class,Sedan
Mercedes-Benz,S-Class,Sedan
Mercedes-Benz,EQE,Sedan
Mercedes-Benz,EQS,Sedan
Mercedes-Benz,Maybach,Sedan
Mercedes-Benz,C-Class,Sedan
Mercedes-Benz,CLA,Sedan
Mercedes-Benz,SE,Sedan
Mercedes-Benz,GT,Sedan
Mercedes-Benz,SLR McLaren,Sedan
Mercedes-Benz,GTS,Sedan
Mercedes-Benz,G-Class,SUV
Mercedes-Benz,GL,SUV
Mercedes-Benz,GLB,SUV
Mercedes-Benz,GLE,SUV
Mercedes-Benz,GLK,SUV
Mercedes-Benz,GLS,SUV
Mercedes-Benz,ML,SUV
Mercedes-Benz,EQB,SUV
Mercedes-Benz,EQC,SUV
Mercury,Capri,Sedan
Mercury,Villager,LCV
Mercury,Cougar,Sedan
Mercury,Grand Marquis,Sedan
Mercury,Marauder,Sedan
Mercury,Marquis,Sedan
Mercury,Milan,Sedan
Mercury,Montego,Sedan
Mercury,Mystique,Sedan
Mercury,Sable,Sedan
Mercury,Topaz,Sedan
Mercury,Tracer,Sedan
Mercury,Mariner,SUV
Mercury,Mountaineer,SUV
MG,MGC,Sedan
MG,Midget,Sedan
MG,MGA,Sedan
MG,MG HS,Crossover
MG,MG ZS,Crossover
MG,MG ZS EV,Crossover
MG,MG3,Sedan
MG,T60,SUV
MG,MG 5,Sedan
MG,MG 6,Sedan
MG,MG GT,Sedan
MG,MG RX5,SUV
MG,MG RX8,SUV
MG,350s,
MG,550,
MINI,Cooper Cabrio,Sedan
MINI,Cooper S Cabrio,Sedan
MINI,Cooper S Coupé,Sedan
MINI,John Cooper Works Coupé,Sedan
MINI,Countryman,Crossover
MINI,Clubman,Sedan
MINI,Cooper,Sedan
MINI,Cooper Paceman,Sedan
MINI,Cooper S,Sedan
MINI,Cooper S Clubman,Sedan
MINI,Cooper S Countryman,Sedan
MINI,Cooper S Paceman,Sedan
MINI,John Cooper Works,Sedan
MINI,John Cooper Works Countryman,Sedan
MINI,One,Sedan
Mitsubishi,3000GT,Sedan
Mitsubishi,Celeste,Sedan
Mitsubishi,Eclipse,Sedan
Mitsubishi,FTO,Sedan
Mitsubishi,GTO,Sedan
Mitsubishi,Airtrek,Crossover
Mitsubishi,Jeep,Crossover
Mitsubishi,Pajero Mini,Crossover
Mitsubishi,Pajero iO,Crossover
Mitsubishi,RVR,Crossover
Mitsubishi,Colt,Sedan
Mitsubishi,Cordia,Sedan
Mitsubishi,Dingo,Sedan
Mitsubishi,Monica,Sedan
Mitsubishi,Pistachio,Sedan
Mitsubishi,eK Wagon,Sedan
Mitsubishi,i-MiEV,Sedan
Mitsubishi,Canter,LCV
Mitsubishi,Fuso,LCV
Mitsubishi,Fuso Canter,LCV
Mitsubishi,Town Box,Van
Mitsubishi,Chariot,MPV
Mitsubishi,Dion,MPV
Mitsubishi,Grandis,MPV
Mitsubishi,Xpander,MPV
Mitsubishi,Delica,SUV
Mitsubishi,L200,SUV
Mitsubishi,Raider,SUV
Mitsubishi,Aspire,Sedan
Mitsubishi,Attrage,Sedan
Mitsubishi,Carisma,Sedan
Mitsubishi,Debonair,Sedan
Mitsubishi,Emeraude,Sedan
Mitsubishi,Evolution,Sedan
Mitsubishi,Galant,Sedan
Mitsubishi,Lancer,Sedan
Mitsubishi,Legnum,Sedan
Mitsubishi,Magna,Sedan
Mitsubishi,Mirage,Sedan
Mitsubishi,Pajero Sport,Sedan
Mitsubishi,Proudia,Sedan
Mitsubishi,Sapporo,Sedan
Mitsubishi,Space Runner,Sedan
Mitsubishi,Space Star,Sedan
Mitsubishi,Space Wagon,Sedan
Mitsubishi,Tredia,Sedan
Mitsubishi,ASX,SUV
Mitsubishi,Endeavour,SUV
Mitsubishi,Montero,SUV
Mitsubishi,Native,SUV
Mitsubishi,Outlander,SUV
Mitsubishi,Pajero,SUV
Mitsuoka,Himiko,Sedan
Mitsuoka,Rock Star,Sedan
Mitsuoka,Galio,Sedan
Mitsuoka,Ryugi,Sedan
Mitsuoka,Viewt,Sedan
Mitsuoka,Buddy,SUV
Morgan,Plus4,Sedan
Morgan,Plus8,Sedan
Morgan,Roadster,Sedan
Morgan,V6,Sedan
Morgan,Aero,Sedan
Morgan,Aero 8,Sedan
NETA,U Pro 400,Crossover
NETA,U Pro 500,SUV
NETA,V Pro,
Nissan,Figaro,Sedan
Nissan,180SX,Sedan
Nissan,200SX,Sedan
Nissan,240SX,Sedan
Nissan,280ZX,Sedan
Nissan,300ZX,Sedan
Nissan,350Z,Sedan
Nissan,370Z,Sedan
Nissan,Fairlady,Sedan
Nissan,NX Sedan,Sedan
Nissan,Dualis,Crossover
Nissan,Dualis +2,Crossover
Nissan,Kicks,Crossover
Nissan,Mistral,Crossover
Nissan,100NX,Sedan
Nissan,Crew,Sedan
Nissan,Cube,Sedan
Nissan,Leaf,Sedan
Nissan,Lucino,Sedan
Nissan,Micra,Sedan
Nissan,Moco,Sedan
Nissan,Note,Sedan
Nissan,Otti,Sedan
Nissan,Silvia,Sedan
Nissan,Caravan,LCV
Nissan,Condor,LCV
Nissan,Serena,LCV
Nissan,Vanette,LCV
Nissan,Largo,Van
Nissan,Almera Tino,MPV
Nissan,Bassara,MPV
Nissan,Elgrand,MPV
Nissan,Lafesta,MPV
Nissan,Liberty,MPV
Nissan,Prairie,MPV
Nissan,Presage,MPV
Nissan,Quest,MPV
Nissan,Wingroad,MPV
Nissan,Junior,SUV
Nissan,NP 300,SUV
Nissan,Navara,SUV
Nissan,SUV,SUV
Nissan,Patrol SUV,SUV
Nissan,AD,Sedan
Nissan,Almera,Sedan
Nissan,Altima,Sedan
Nissan,Avenir,Sedan
Nissan,Bluebird,Sedan
Nissan,Cadric,Sedan
Nissan,Cefiro,Sedan
Nissan,Cherry,Sedan
Nissan,Cima,Sedan
Nissan,Fuga,Sedan
Nissan,Gloria,Sedan
Nissan,Laurel,Sedan
Nissan,Leopard,Sedan
Nissan,Livina,Sedan
Nissan,Maxima,Sedan
Nissan,Presea,Sedan
Nissan,President,Sedan
Nissan,Primera,Sedan
Nissan,Pulsar,Sedan
Nissan,Sentra,Sedan
Nissan,Skyline,Sedan
Nissan,Stagea,Sedan
Nissan,Stanza,Sedan
Nissan,Sunny,Sedan
Nissan,Sylphy,Sedan
Nissan,Teana,Sedan
Nissan,Tiida,Sedan
Nissan,Versa,Sedan
Nissan,GT-R,Sedan
Nissan,Patrol,SUV
Nissan,Armada,SUV
Nissan,Juke,SUV
Nissan,Murano,SUV
Nissan,Pathfinder,SUV
Nissan,Patrol Safari,SUV
Nissan,Qashqai,SUV
Nissan,Rasheen,SUV
Nissan,Rogue,SUV
Nissan,Terrano,SUV
Nissan,X-Trail,SUV
Nissan,Xterra,SUV
Nissan,Frontier,SUV
Nissan,Titan,SUV
Nissan,NV350,Van
Nissan,Urvan,Van
Nissan,Van,Van
Opel,Speedster,Sedan
Opel,Calibra,Sedan
Opel,GT,Sedan
Opel,Monza,Sedan
Opel,Tigra,Sedan
Opel,Agila,Sedan
Opel,Manta,Sedan
Opel,Signum,Sedan
Opel,Vita,Sedan
Opel,Combo,LCV
Opel,Movano,LCV
Opel,Vivaro,LCV
Opel,Meriva,MPV
Opel,Sintra,MPV
Opel,Zafira,MPV
Opel,Campo,SUV
Opel,Admiral,Sedan
Opel,Ascona,Sedan
Opel,Astra,Sedan
Opel,Commodore,Sedan
Opel,Corsa,Sedan
Opel,Diplomat,Sedan
Opel,Insignia,Sedan
Opel,Kadett,Sedan
Opel,Omega,Sedan
Opel,Rekord,Sedan
Opel,Senator,Sedan
Opel,Vectra,Sedan
Opel,Antara,SUV
Opel,Frontera,SUV
Sedan,Other,Sedan
Sedan,Other,Sedan
Crossover,Other,Crossover
Sedan,Other,Sedan
LCV,Other,LCV
Van,Other,Van
MPV,Other,MPV
SUV,Other,SUV
Sedan,Other,Sedan
Sedan,Other,Sedan
Sedan,Other,Sedan
SUV,Other,SUV
SUV,Other,SUV
Van,Other,Van
Pagani,Huayra,Sedan
Pagani,Zonda,Sedan
Peugeot,RCZ,Sedan
Peugeot,1XX,Sedan
Peugeot,2XX,Sedan
Peugeot,3XX,Sedan
Peugeot,1007,Sedan
Peugeot,Boxer,LCV
Peugeot,Partner,LCV
Peugeot,8XX,MPV
Peugeot,4XX,Sedan
Peugeot,5XX,Sedan
Peugeot,6XX,Sedan
Peugeot,3008,Sedan
Peugeot,2008,Sedan
Peugeot,4007,SUV
Peugeot,5008,SUV
Polestar,1,Sedan
Polestar,3,Crossover
Polestar,2,Sedan
Pontiac,Roadster,Sedan
Pontiac,Fiero,Sedan
Pontiac,Firebird,Sedan
Pontiac,GTO,Sedan
Pontiac,Solstice,Sedan
Pontiac,Vibe,Sedan
Pontiac,Montana,MPV
Pontiac,Trans Sport,MPV
Pontiac,6000,Sedan
Pontiac,Bonneville,Sedan
Pontiac,G4,Sedan
Pontiac,G5,Sedan
Pontiac,G6,Sedan
Pontiac,G8,Sedan
Pontiac,Grand Am,Sedan
Pontiac,Grand Prix,Sedan
Pontiac,LeMans,Sedan
Pontiac,Parisian,Sedan
Pontiac,Phoenix,Sedan
Pontiac,Sunbird,Sedan
Pontiac,Sunfire,Sedan
Pontiac,Tempest,Sedan
Pontiac,Aztek,SUV
Porsche,356,Sedan
Porsche,Boxster,Sedan
Porsche,Boxster GTS,Sedan
Porsche,Boxster S,Sedan
Porsche,Cayman,Sedan
Porsche,Cayman GTS,Sedan
Porsche,Cayman S,Sedan
Porsche,Macan,Crossover
Porsche,Macan S,Crossover
Porsche,Macan Turbo,Crossover
Porsche,Panamera,Sedan
Porsche,Panamera 4,Sedan
Porsche,Panamera 4S,Sedan
Porsche,Panamera GTS,Sedan
Porsche,Panamera S,Sedan
Porsche,Panamera Turbo,Sedan
Porsche,Panamera Turbo S,Sedan
Porsche,Taycan,Sedan
Porsche,911,Sedan
Porsche,911 4,Sedan
Porsche,911 4S,Sedan
Porsche,911 GT2,Sedan
Porsche,911 GT3,Sedan
Porsche,911 S,Sedan
Porsche,911 Targa,Sedan
Porsche,911 Targa 4,Sedan
Porsche,911 Turbo,Sedan
Porsche,911 Turbo S,Sedan
Porsche,918 Spyder,Sedan
Porsche,924,Sedan
Porsche,928,Sedan
Porsche,944,Sedan
Porsche,959,Sedan
Porsche,968,Sedan
Porsche,993,Sedan
Porsche,996,Sedan
Porsche,Carrera GT,Sedan
Porsche,Cayenne,SUV
Porsche,Cayenne GTS,SUV
Porsche,Cayenne S,SUV
Porsche,Cayenne Turbo,SUV
Porsche,Cayenne Turbo S,SUV
Proton,Gen-2,Sedan
Proton,Persona,Sedan
Proton,Waja,Sedan
Renault,Rodeo,Sedan
Renault,Sport Spider,Sedan
Renault,15,Sedan
Renault,17,Sedan
Renault,Fuego,Sedan
Renault,Dacia,Crossover
Renault,11,Sedan
Renault,14,Sedan
Renault,16,Sedan
Renault,20,Sedan
Renault,30,Sedan
Renault,4,Sedan
Renault,5,Sedan
Renault,6,Sedan
Renault,Laguna,Sedan
Renault,Megane,Sedan
Renault,Sandero,Sedan
Renault,Scenic,Sedan
Renault,Twingo,Sedan
Renault,Vel Satis,Sedan
Renault,Zoe,Sedan
Renault,Dokker Van,LCV
Renault,Express,LCV
Renault,Kangoo,LCV
Renault,Master,LCV
Renault,Rapide,LCV
Renault,Avantime,MPV
Renault,Grand Scenic,MPV
Renault,Lodgi,MPV
Renault,Modus,MPV
Renault,Traviq,MPV
Renault,Estafette,SUV
Renault,12,Sedan
Renault,18,Sedan
Renault,19,Sedan
Renault,21,Sedan
Renault,25,Sedan
Renault,9,Sedan
Renault,Clio,Sedan
Renault,Fluence,Sedan
Renault,Latitude,Sedan
Renault,Logan,Sedan
Renault,Medallion,Sedan
Renault,Rainbow,Sedan
Renault,Safran,Sedan
Renault,Symbol,Sedan
Renault,Talisman,Sedan
Renault,Twizy,Sedan
Renault,Captur,SUV
Renault,Duster,SUV
Renault,Espace,SUV
Renault,Koleos,SUV
Rolls Royce,Dawn,Sedan
Rolls Royce,Pininfarina,Sedan
Rolls Royce,Corniche,Sedan
Rolls Royce,Ghost,Sedan
Rolls Royce,Park Ward,Sedan
Rolls Royce,Phantom,Sedan
Rolls Royce,Silver Seraph,Sedan
Rolls Royce,Silver Spirit,Sedan
Rolls Royce,Silver Spur,Sedan
Rolls Royce,Wraith,Sedan
Rover,MG F,Sedan
Rover,100,Sedan
Rover,25,Sedan
Rover,MINI MK,Sedan
Rover,Maestro,Sedan
Rover,Streetwise,Sedan
Rover,200,Sedan
Rover,400,Sedan
Rover,420si,Sedan
Rover,45,Sedan
Rover,600,Sedan
Rover,75,Sedan
Rover,800,Sedan
Rover,Montego,Sedan
Saab,90,Sedan
Saab,93,Sedan
Saab,9-2X,Sedan
Saab,9-3 vector,Sedan
Saab,900,Sedan
Saab,9000,Sedan
Saab,95,Sedan
Saab,96,Sedan
Saab,99,Sedan
Saab,9-7X,SUV
SAIPA,CS35,Crossover
SAIPA,Koleos,Crossover
SAIPA,111,Sedan
SAIPA,H220,Sedan
SAIPA,H320,Sedan
SAIPA,Quick,Sedan
SAIPA,Roniz,Sedan
SAIPA,New SUV,SUV
SAIPA,Padra,SUV
SAIPA,Rich,SUV
SAIPA,Shooka,SUV
SAIPA,131,Sedan
SAIPA,132,Sedan
SAIPA,141,Sedan
SAIPA,Ario,Sedan
SAIPA,Cerato,Sedan
SAIPA,EADO,Sedan
SAIPA,FM460,Sedan
SAIPA,H230,Sedan
SAIPA,H330,Sedan
SAIPA,Maxima,Sedan
SAIPA,Rio,Sedan
SAIPA,Saina,Sedan
SAIPA,Tiba,Sedan
SAIPA,Tondar 90,Sedan
Samsung,SM 3,Sedan
Samsung,SM 5,Sedan
Samsung,SM 6,Sedan
Samsung,SM 7,Sedan
Samsung,QM 5,SUV
Samsung,QM 3,SUV
Saturn,Sky,Sedan
Saturn,SC,Sedan
Saturn,View,Crossover
Saturn,Astra,Sedan
Saturn,Relay,MPV
Saturn,Aura,Sedan
Saturn,Ion,Sedan
Saturn,LS,Sedan
Saturn,LW,Sedan
Saturn,SL,Sedan
Saturn,SW,Sedan
Saturn,Outlook,SUV
Scion,FR-S,Sedan
Scion,tC,Sedan
Scion,Fuse,Sedan
Scion,iM,Sedan
Scion,xA,Sedan
Scion,xB,Sedan
Scion,xD,Sedan
Scion,iA,Sedan
SEAT,Arosa,Sedan
SEAT,Fura,Sedan
SEAT,Ibiza,Sedan
SEAT,Leon,Sedan
SEAT,Marbella,Sedan
SEAT,Ronda,Sedan
SEAT,Terra,LCV
SEAT,Alhambra,MPV
SEAT,132,Sedan
SEAT,133,Sedan
SEAT,Cordoba,Sedan
SEAT,Exeo,Sedan
SEAT,Toledo,Sedan
SEAT,Altea,SUV
Skoda,Citigo,Sedan
Skoda,Favorit,Sedan
Skoda,Felicia,Sedan
Skoda,Forman,Sedan
Skoda,Spaceback,Sedan
Skoda,Praktik,LCV
Skoda,Roomster,LCV
Skoda,Fabia,Sedan
Skoda,Felicia Combi,Sedan
Skoda,Octavia,Sedan
Skoda,Rapide,Sedan
Skoda,Superb,Sedan
Skoda,120 GLS,Sedan
Skoda,Karoq,SUV
Skoda,Yeti,SUV
Skywell,ET5,SUV
Smart,Forspeed,Sedan
Smart,Roadster,Sedan
Smart,Forfour,Sedan
Smart,Fortow,Sedan
Soueast,A5,Sedan
Soueast,DX3,SUV
Soueast,DX5,SUV
Soueast,DX7,SUV
SsangYong,Kallista,Sedan
SsangYong,Tiger,SUV
SsangYong,Chairman,Sedan
SsangYong,Kyron,Sedan
SsangYong,Musso,Sedan
SsangYong,Rodius,Sedan
SsangYong,Actyon,SUV
SsangYong,Family,SUV
SsangYong,Korando,SUV
SsangYong,Rexton,SUV
Subaru,Alcyone,Sedan
Subaru,SVX,Sedan
Subaru,XT,Sedan
Subaru,Exiga,Crossover
Subaru,Bistro,Sedan
Subaru,Dex,Sedan
Subaru,Justy,Sedan
Subaru,Pleo,Sedan
Subaru,R1,Sedan
Subaru,R2,Sedan
Subaru,Stella,Sedan
Subaru,Vivio,Sedan
Subaru,Dias,Van
Subaru,Domingo,Van
Subaru,Libero,Van
Subaru,Lucra,MPV
Subaru,Traviq,MPV
Subaru,Trezia,MPV
Subaru,Baja,SUV
Subaru,Impreza,Sedan
Subaru,Legacy,Sedan
Subaru,Leone,Sedan
Subaru,Outback,Sedan
Subaru,STI,Sedan
Subaru,WRX,Sedan
Subaru,XV,Sedan
Subaru,Forester,SUV
Subaru,Tribeca,SUV
Suzuki,Cappuccino,Sedan
Suzuki,Samurai,Sedan
Suzuki,S Presoo,Crossover
Suzuki,SJ Samurai,Crossover
Suzuki,Sidekick,Crossover
Suzuki,Alto,Sedan
Suzuki,Celerio,Sedan
Suzuki,Cervo,Sedan
Suzuki,Ideal,Sedan
Suzuki,Ignis,Sedan
Suzuki,Kei,Sedan
Suzuki,MR Wagon,Sedan
Suzuki,Reno,Sedan
Suzuki,Splash,Sedan
Suzuki,Vitara,Sedan
Suzuki,Wagon R,Sedan
Suzuki,X90,Sedan
Suzuki,Super Carry,LCV
Suzuki,Ertiga,MPV
Suzuki,Every,MPV
Suzuki,Every Landy,MPV
Suzuki,Carry,SUV
Suzuki,APV,Sedan
Suzuki,Aerio,Sedan
Suzuki,Baleno,Sedan
Suzuki,Ciaz,Sedan
Suzuki,Cultus Wagon,Sedan
Suzuki,Dzire,Sedan
Suzuki,Forenza,Sedan
Suzuki,Kizashi,Sedan
Suzuki,Liana,Sedan
Suzuki,SX4,Sedan
Suzuki,Swift,Sedan
Suzuki,Verona,Sedan
Suzuki,Grand Vitara,SUV
Suzuki,Jimny,SUV
Suzuki,XL7,SUV
TATA,Aria,Crossover
TATA,Bolt,Sedan
TATA,GenX Nano,Sedan
TATA,Indica,Sedan
TATA,Nano,Sedan
TATA,Tiago,Sedan
TATA,Sumo,MPV
TATA,Telcoline,SUV
TATA,Xenon,SUV
TATA,Indigo,Sedan
TATA,Safari,SUV
Tesla,Model Y,Crossover
Tesla,Model S,Sedan
Tesla,Model 3,Sedan
Tesla,Model X,SUV
Toyota,MR-S,Sedan
Toyota,2000GT,Sedan
Toyota,GT86,Sedan
Toyota,MR2,Sedan
Toyota,Paseo,Sedan
Toyota,Soarer,Sedan
Toyota,Solara,Sedan
Toyota,Supra,Sedan
Toyota,Zelas,Sedan
Toyota,Cross,Crossover
Toyota,Harrier,Crossover
Toyota,Highlander,Crossover
Toyota,Allex,Sedan
Toyota,Auris,Sedan
Toyota,Aygo,Sedan
Toyota,Blade,Sedan
Toyota,Celica,Sedan
Toyota,Corolla Sedan,Sedan
Toyota,Duet,Sedan
Toyota,Fun Cargo,Sedan
Toyota,IQ,Sedan
Toyota,Matrix,Sedan
Toyota,Opa,Sedan
Toyota,Passo,Sedan
Toyota,Porte,Sedan
Toyota,Prius C,Sedan
Toyota,Runx,Sedan
Toyota,Sera,Sedan
Toyota,Starlet,Sedan
Toyota,Urban Cruiser,Sedan
Toyota,Voltz,Sedan
Toyota,WiLL,Sedan
Toyota,Yaris,Sedan
Toyota,Hino,LCV
Toyota,LiteAce,LCV
Toyota,Granvia,Van
Toyota,Hiace,Van
Toyota,MasterAce,Van
Toyota,Regius,Van
Toyota,Sparky,Van
Toyota,Voxy,Van
Toyota,Alphard,MPV
Toyota,BB,MPV
Toyota,Corolla Spacio,MPV
Toyota,Fielder,MPV
Toyota,Gaia,MPV
Toyota,Innova,MPV
Toyota,Ipsum,MPV
Toyota,Isis,MPV
Toyota,Noah,MPV
Toyota,Picnic,MPV
Toyota,Previa,MPV
Toyota,Prius V,MPV
Toyota,Probox,MPV
Toyota,Ractis,MPV
Toyota,Raum,MPV
Toyota,Rumion,MPV
Toyota,Sienna,MPV
Toyota,Sienta,MPV
Toyota,Vellfire,MPV
Toyota,Verso,MPV
Toyota,Wish,MPV
Toyota,Dyna,SUV
Toyota,Hilux,SUV
Toyota,Land Cruiser SUV,SUV
Toyota,Tacoma,SUV
Toyota,Ai 300,Sedan
Toyota,Allion,Sedan
Toyota,Altezza,Sedan
Toyota,Aristo,Sedan
Toyota,Aurion,Sedan
Toyota,Avalon,Sedan
Toyota,Avanza,Sedan
Toyota,Avensis,Sedan
Toyota,Axio,Sedan
Toyota,Caldina,Sedan
Toyota,Camry,Sedan
Toyota,Carina,Sedan
Toyota,Cavalier,Sedan
Toyota,Celsior,Sedan
Toyota,Century,Sedan
Toyota,Chaser,Sedan
Toyota,Corolla,Sedan
Toyota,Corona,Sedan
Toyota,Cressida,Sedan
Toyota,Crown,Sedan
Toyota,Echo,Sedan
Toyota,Mark 2,Sedan
Toyota,Mark II Grande,Sedan
Toyota,Mark X,Sedan
Toyota,Origin,Sedan
Toyota,Premio,Sedan
Toyota,Prius,Sedan
Toyota,Progres,Sedan
Toyota,Pronard,Sedan
Toyota,Scepter,Sedan
Toyota,Soluna,Sedan
Toyota,Sprinter,Sedan
Toyota,Sprinter Carib,Sedan
Toyota,Succeed,Sedan
Toyota,Tercel,Sedan
Toyota,Venza,Sedan
Toyota,Verossa,Sedan
Toyota,Windom,Sedan
Toyota,Celstar,Sedan
Toyota,4Runner,SUV
Toyota,Blizzard,SUV
Toyota,C-HR,SUV
Toyota,Cami,SUV
Toyota,Corolla Cross,SUV
Toyota,FJ Cruiser,SUV
Toyota,Fortuner,SUV
Toyota,Land Cruiser,SUV
Toyota,Land Cruiser J70,SUV
Toyota,Mega Cruiser,SUV
Toyota,Prado,SUV
Toyota,RAV 4,SUV
Toyota,Rush,SUV
Toyota,Sequoia,SUV
Toyota,Vanguard,SUV
Toyota,Tundra,SUV
Toyota,Grand Hiace,Van
Toyota,TownAce,Van
Volkswagen,Eos,Sedan
Volkswagen,Beetle,Sedan
Volkswagen,Corrado,Sedan
Volkswagen,Crossfox,Crossover
Volkswagen,Arteon,Sedan
Volkswagen,E-Golf,Sedan
Volkswagen,GTI,Sedan
Volkswagen,Gol,Sedan
Volkswagen,Golf,Sedan
Volkswagen,Golf Plus,Sedan
Volkswagen,Golf R,Sedan
Volkswagen,ID.3,Sedan
Volkswagen,Lupo,Sedan
Volkswagen,Pointer,Sedan
Volkswagen,Scirocco,Sedan
Volkswagen,Caddy,LCV
Volkswagen,Crafter,LCV
Volkswagen,LT,LCV
Volkswagen,California,Van
Volkswagen,Caravelle,Van
Volkswagen,Multivan,Van
Volkswagen,T3 Caravelle,Van
Volkswagen,Transporter,Van
Volkswagen,Routan,MPV
Volkswagen,Sharan,MPV
Volkswagen,Suran,MPV
Volkswagen,Touran,MPV
Volkswagen,Amarok,SUV
Volkswagen,Saveiro,SUV
Volkswagen,Taro,SUV
Volkswagen,W12,Sedan
Volkswagen,1500,Sedan
Volkswagen,Bora,Sedan
Volkswagen,CC,Sedan
Volkswagen,E-Bora,Sedan
Volkswagen,E-lavida,Sedan
Volkswagen,Fox,Sedan
Volkswagen,Jetta,Sedan
Volkswagen,Lavida,Sedan
Volkswagen,Parati,Sedan
Volkswagen,Passat,Sedan
Volkswagen,Passat CC,Sedan
Volkswagen,Phaeton,Sedan
Volkswagen,Polo,Sedan
Volkswagen,Santana,Sedan
Volkswagen,Vento,Sedan
Volkswagen,Atlas,SUV
Volkswagen,ID.4,SUV
Volkswagen,ID.5,SUV
Volkswagen,ID.6,SUV
Volkswagen,Teramont,SUV
Volkswagen,Tiguan,SUV
Volkswagen,Touareg,SUV
Volkswagen,e-tharu,SUV
Volvo,780,Sedan
Volvo,C70,Sedan
Volvo,XC70,Crossover
Volvo,340,Sedan
Volvo,360,Sedan
Volvo,480,Sedan
Volvo,C30,Sedan
Volvo,V40,Sedan
Volvo,S,Sedan
Volvo,V,Sedan
Volvo,S40,Sedan
Volvo,S60,Sedan
Volvo,S70,Sedan
Volvo,S80,Sedan
Volvo,S90,Sedan
Volvo,V50,Sedan
Volvo,V60,Sedan
Volvo,V70,Sedan
Volvo,V90,Sedan
Volvo,140,Sedan
Volvo,164,Sedan
Volvo,240,Sedan
Volvo,260,Sedan
Volvo,440,Sedan
Volvo,460,Sedan
Volvo,66,Sedan
Volvo,740,Sedan
Volvo,760,Sedan
Volvo,850,Sedan
Volvo,940,Sedan
Volvo,960,Sedan
Volvo,P1800,Sedan
Volvo,XC,SUV
Volvo,XC60,SUV
Volvo,XC90,SUV
Zotye,Series E,Sedan
Zotye,Series Z,Sedan
Zotye,E20 EV,Sedan
Zotye,E200 EV,Sedan
Zotye,E30 EV,Sedan
Zotye,E300 EV,Sedan
Zotye,Z100,Sedan
Zotye,V10,MPV
Zotye,Z200,Sedan
Zotye,Z30,Sedan
Zotye,Z500,Sedan
Zotye,Z700,Sedan
Zotye,Domy X5,SUV
Zotye,Domy X7,SUV
Zotye,SR7,SUV
Zotye,SR9,SUV
Zotye,T300,SUV
Zotye,T500,SUV
Zotye,T600,SUV
Zotye,T700,SUV
Zotye,T800,SUV
Zotye,T900,SUV
ZXAUTO,Grand Tiger,SUV
ZXAUTO,Admiral,SUV